CANDIDATE_ID,FULL_NAME,EMAIL,BIRTH_DAY,RATING,CONTINENT
1,Crosby Tanzer,ctanzer0@gmpg.org,22/11/1999,149.16,South America
2,Irwinn Tutchell,itutchell1@studiopress.com,4/11/1980,131.31,North America
3,Kathrine Ellor,kellor2@acquirethisname.com,4/2/1986,146.13,North America
4,Laurella Ingold,lingold3@macromedia.com,6/7/1986,130.92,Europe
5,Malchy Otter,motter4@hatena.ne.jp,1/5/1984,137.59,Asia
6,Willa Filan,wfilan5@i2i.jp,11/5/1996,141.23,Australia
7,Lock Didsbury,ldidsbury6@posterous.com,30/3/1985,136.3,Australia
8,Amandi Worlidge,aworlidge7@shinystat.com,29/12/1980,136.81,Australia
9,Joannes McRobb,jmcrobb8@geocities.jp,12/11/1985,137.55,North America
10,Klement Drogan,kdrogan9@psu.edu,20/3/1980,132.37,Asia
11,Demott Stickles,dsticklesa@npr.org,13/1/1998,148.95,South America
12,Erin Streather,estreatherb@ebay.com,27/4/1981,148.29,South America
13,Timothy Renols,trenolsc@ask.com,4/3/1998,141.46,Asia
14,Amalle Coare,acoared@freewebs.com,30/10/1997,147.9,Asia
15,Sheri Tantum,stantume@fda.gov,14/11/1992,135.35,South America
16,Ollie Monnoyer,omonnoyerf@furl.net,25/9/1991,135.32,North America
17,Alasteir Beaston,abeastong@jiathis.com,19/1/1996,137.37,North America
18,Whitney Iannelli,wiannellih@arstechnica.com,14/2/1987,132.58,North America
19,Malory Aartsen,maartseni@newsvine.com,10/9/1989,149.73,South America
20,Angie Murrells,amurrellsj@dell.com,8/6/1981,140.23,North America
21,Ellerey Brigham,ebrighamk@g.co,24/4/1992,142.02,Australia
22,Kara-lynn Cowpe,kcowpel@studiopress.com,15/9/1995,149.33,Europe
23,Donni Bentame,dbentamem@gov.uk,13/2/1987,130.76,Australia
24,Rene Bramwell,rbramwelln@hud.gov,12/6/1983,134.41,Asia
25,Quinta Rittmeyer,qrittmeyero@jimdo.com,14/1/1988,149.03,Europe
26,Bellina Badham,bbadhamp@freewebs.com,8/8/1983,149.02,Australia
27,Stewart Feare,sfeareq@wikimedia.org,29/8/1991,144.32,South America
28,Troy Sibson,tsibsonr@apache.org,23/2/1996,137.75,Australia
29,Maitilde Arghent,marghents@live.com,29/8/1996,140.81,South America
30,Lorraine Eite,leitet@sfgate.com,6/4/1993,147.29,Europe
31,Rafaelia Berwick,rberwicku@hud.gov,21/10/1994,146.4,North America
32,Vivian Murdy,vmurdyv@scribd.com,22/6/1983,131.89,Europe
33,Morton Colbertson,mcolbertsonw@umn.edu,12/5/1986,141.35,South America
34,Corbin Vowell,cvowellx@godaddy.com,27/9/1984,137.34,Europe
35,Piper Ferrige,pferrigey@cnn.com,2/2/1995,140.67,South America
36,Brier Riceards,briceardsz@liveinternet.ru,12/11/1996,137.85,Asia
37,Marie-jeanne Rowles,mrowles10@techcrunch.com,19/6/1996,131.65,South America
38,Lissi Forkan,lforkan11@msn.com,26/4/1989,134.75,South America
39,Andros Mansion,amansion12@freewebs.com,5/10/1992,143.64,South America
40,Carlye Banting,cbanting13@wufoo.com,23/2/1993,131.43,Australia
41,Kile MacIlwrick,kmacilwrick14@4shared.com,22/7/1984,149.18,North America
42,Cristal Frugier,cfrugier15@e-recht24.de,27/1/1982,148.18,Europe
43,Nerissa Jacklings,njacklings16@pen.io,16/1/1990,133.79,Europe
44,Robbyn Baynard,rbaynard17@angelfire.com,20/1/1980,131.71,South America
45,Pearle McClay,pmcclay18@google.pl,17/5/1999,130.16,North America
46,Demetris Stert,dstert19@latimes.com,13/4/1981,130.56,North America
47,Ferrel Conkay,fconkay1a@geocities.jp,17/8/1984,148.37,South America
48,Noelani Livesley,nlivesley1b@boston.com,16/10/1983,135.44,Asia
49,Shurlock Grzelczyk,sgrzelczyk1c@elpais.com,26/11/1984,139.26,Asia
50,Bradford Billing,bbilling1d@prlog.org,16/6/1983,147.61,Europe
51,Libbey Paute,lpaute1e@angelfire.com,15/5/1997,141.49,South America
52,Robbi Clohessy,rclohessy1f@ucla.edu,4/5/1995,137.47,Asia
53,Fremont Tyler,ftyler1g@pinterest.com,14/4/1988,137.68,South America
54,Sabrina Fortune,sfortune1h@ebay.co.uk,10/4/1989,149.58,Australia
55,Elle Goade,egoade1i@godaddy.com,30/10/1983,141.16,Asia
56,Alica McGeraghty,amcgeraghty1j@360.cn,5/5/1988,132.19,Europe
57,Eolanda Peskett,epeskett1k@indiatimes.com,15/12/1985,134.97,Europe
58,Enrico Littleover,elittleover1l@hibu.com,26/3/1998,144.35,Europe
59,Livy Simioni,lsimioni1m@netlog.com,16/11/1984,132.2,South America
60,Erastus Nelane,enelane1n@bloomberg.com,2/11/1990,145.63,North America
61,Mikol Goodredge,mgoodredge1o@netscape.com,9/5/1983,142.35,Asia
62,Emmit Candelin,ecandelin1p@newyorker.com,21/12/1987,141.37,Australia
63,Matthias Halston,mhalston1q@bloglovin.com,19/12/1986,138.05,South America
64,Ruthann Semonin,rsemonin1r@cbslocal.com,17/11/1987,131.5,Europe
65,Shelba Daintrey,sdaintrey1s@ameblo.jp,16/5/1995,137.88,Europe
66,Bernardina Treversh,btreversh1t@cdbaby.com,16/11/1997,144.58,Asia
67,Filberto Theaker,ftheaker1u@nhs.uk,25/2/1995,140.27,South America
68,Cookie Noor,cnoor1v@nydailynews.com,22/1/1997,136.09,South America
69,Con Sikorski,csikorski1w@cbslocal.com,26/3/1986,135.45,Australia
70,Talyah Chalfain,tchalfain1x@geocities.com,28/8/1995,132.98,Asia
71,Carey Joslow,cjoslow1y@simplemachines.org,28/10/1990,142.94,Asia
72,Harrison McGilvra,hmcgilvra1z@blogtalkradio.com,6/6/1983,143.89,South America
73,Martita Copnar,mcopnar20@dell.com,2/2/1981,131.6,South America
74,Dorisa Jerrolt,djerrolt21@cbslocal.com,20/12/1999,131.83,South America
75,Lothaire Echalier,lechalier22@nifty.com,14/7/1995,141.99,Australia
76,Terencio Arne,tarne23@yolasite.com,11/12/1982,143.81,Australia
77,Garvy Sloss,gsloss24@comsenz.com,19/3/1987,139.68,South America
78,Almire Simmance,asimmance25@ftc.gov,24/8/1985,134.24,Asia
79,Thorsten Casswell,tcasswell26@microsoft.com,24/5/1992,144.45,Europe
80,Lane Jennins,ljennins27@mtv.com,10/9/1993,145.31,Europe
81,Victor Siburn,vsiburn28@flavors.me,1/4/1980,148.09,Europe
82,Ammamaria Canny,acanny29@wix.com,19/12/1999,131.69,Australia
83,Layton Leckenby,lleckenby2a@vkontakte.ru,27/9/1989,143.48,South America
84,Pippa Ruffell,pruffell2b@list-manage.com,26/8/1990,144.72,North America
85,Lorrie Vasic,lvasic2c@vinaora.com,15/11/1994,145.55,South America
86,Nestor McGurn,nmcgurn2d@rakuten.co.jp,8/7/1988,142.33,Asia
87,Kally Dodle,kdodle2e@nature.com,3/11/1991,148.97,North America
88,Aurelie Burgoin,aburgoin2f@opera.com,12/5/1983,141.49,North America
89,Franny Werrett,fwerrett2g@google.it,16/2/1999,147.21,Australia
90,Tripp Worgan,tworgan2h@redcross.org,21/8/1993,134.28,North America
91,Curtice Ninotti,cninotti2i@blog.com,26/8/1996,130.41,Australia
92,Cheri Kintish,ckintish2j@nytimes.com,15/7/1993,136.25,Europe
93,Con Macia,cmacia2k@chicagotribune.com,21/8/1992,144.8,North America
94,Keith Goldsberry,kgoldsberry2l@ibm.com,11/6/1984,137.29,South America
95,Wittie Suart,wsuart2m@google.co.jp,22/12/1992,138.98,Asia
96,Jesse Gosforth,jgosforth2n@constantcontact.com,9/8/1987,144.26,South America
97,Myrvyn Doucette,mdoucette2o@gravatar.com,20/10/1992,144.67,Australia
98,Ambrosi Copson,acopson2p@hexun.com,8/7/1990,133.91,North America
99,Nev Heaney`,nheaney2q@ifeng.com,8/1/1996,149.92,Australia
100,Othelia Bohey,obohey2r@ft.com,15/11/1992,132.16,South America
101,Millisent Chaston,mchaston2s@t.co,6/1/1988,131.6,North America
102,Skipton Gynn,sgynn2t@cocolog-nifty.com,9/5/1992,143.24,North America
103,Damien Cashford,dcashford2u@huffingtonpost.com,20/5/1986,146.61,South America
104,Susette Peers,speers2v@paginegialle.it,24/1/1999,136.51,North America
105,Benedikt Trusslove,btrusslove2w@goo.gl,9/5/1989,145.56,South America
106,Rod Candie,rcandie2x@facebook.com,24/5/1983,134.09,Australia
107,Cherida Rahl,crahl2y@twitter.com,20/5/1987,132.68,Australia
108,Bobbi Lydden,blydden2z@indiegogo.com,23/7/1995,145.26,Australia
109,Jeanna Merriton,jmerriton30@adobe.com,24/11/1992,130.97,South America
110,Jayne Assiratti,jassiratti31@themeforest.net,17/1/1985,140.45,Asia
111,Lira Simone,lsimone32@omniture.com,21/1/1984,142.35,Australia
112,Kinny Tirte,ktirte33@g.co,5/12/1980,144.0,Europe
113,Amalee Deboy,adeboy34@hhs.gov,27/3/1996,133.44,North America
114,Curtis Tredinnick,ctredinnick35@mapquest.com,24/10/1993,131.99,Asia
115,Domini Lumbly,dlumbly36@blog.com,29/8/1982,134.72,South America
116,Shirley Kondratovich,skondratovich37@state.tx.us,10/2/1984,149.52,North America
117,Shelly Schrader,sschrader38@seattletimes.com,13/5/1984,142.81,Australia
118,Camila Bess,cbess39@google.es,15/12/1991,142.94,South America
119,Germana New,gnew3a@discuz.net,27/12/1991,141.38,Australia
120,Baily Wooddisse,bwooddisse3b@auda.org.au,17/10/1990,138.81,Europe
121,Liana Lanfear,llanfear3c@cisco.com,12/3/1981,135.84,Australia
122,Baxie Mansfield,bmansfield3d@chron.com,29/9/1983,142.96,Europe
123,Gill Gallo,ggallo3e@woothemes.com,15/5/1981,139.0,Asia
124,Kassi MacAdie,kmacadie3f@mac.com,22/7/1981,134.6,Europe
125,Olivie Bruster,obruster3g@jalbum.net,3/7/1995,148.51,Australia
126,Bernard Rennles,brennles3h@admin.ch,26/8/1987,149.93,North America
127,Jamal Perse,jperse3i@hp.com,21/6/1995,147.5,Europe
128,Melisandra Ridings,mridings3j@reference.com,6/6/1993,144.15,North America
129,Frederigo Sullly,fsullly3k@dagondesign.com,24/12/1990,132.53,Asia
130,Mylo Sivills,msivills3l@tinypic.com,13/9/1999,133.01,Europe
131,Araldo Beange,abeange3m@multiply.com,17/1/1993,146.89,North America
132,Roddie Scouller,rscouller3n@businessweek.com,12/1/1990,145.96,South America
133,Erhart Laborda,elaborda3o@walmart.com,22/6/1998,146.2,Europe
134,Merle Yude,myude3p@technorati.com,30/11/1999,135.54,Asia
135,Margy Hefford,mhefford3q@ask.com,23/4/1997,130.34,South America
136,Richart Lindenbluth,rlindenbluth3r@tmall.com,30/1/1994,140.39,Asia
137,Hedda Pike,hpike3s@scientificamerican.com,23/2/1980,136.6,South America
138,Janella Gomer,jgomer3t@cnn.com,19/9/1982,131.9,South America
139,Nada Churm,nchurm3u@pbs.org,8/10/1997,141.46,North America
140,Arty Westcar,awestcar3v@microsoft.com,1/12/1981,135.99,North America
141,Demeter Ripley,dripley3w@uol.com.br,10/6/1981,146.83,North America
142,Heall Vanyukov,hvanyukov3x@wikimedia.org,21/12/1997,140.74,North America
143,Ellary Seyler,eseyler3y@nih.gov,9/8/1998,139.47,Australia
144,Wolfie Crone,wcrone3z@360.cn,4/2/1990,149.87,South America
145,Rob Pullen,rpullen40@chronoengine.com,8/1/1998,147.11,Asia
146,Magdaia Greenfield,mgreenfield41@de.vu,15/4/1981,142.08,North America
147,Brunhilde Simmonett,bsimmonett42@bloglines.com,13/5/1994,141.26,Asia
148,Stanislaw Rigardeau,srigardeau43@biglobe.ne.jp,3/8/1994,141.95,South America
149,Corissa Ardron,cardron44@aboutads.info,19/10/1980,141.63,Asia
150,Kingsly Skentelbery,kskentelbery45@dmoz.org,11/4/1982,145.33,South America
151,West Shorthill,wshorthill46@naver.com,5/1/1987,140.92,Australia
152,Irwin Meneely,imeneely47@paypal.com,16/11/1992,145.41,North America
153,Moses Schollick,mschollick48@com.com,30/8/1983,137.54,Australia
154,Leodora Shirt,lshirt49@ebay.com,2/5/1984,141.05,Europe
155,Concettina Ivashev,civashev4a@disqus.com,7/12/1994,130.8,South America
156,Darci Wiltshire,dwiltshire4b@hhs.gov,12/9/1988,143.27,Australia
157,Reinaldo Garnsworthy,rgarnsworthy4c@feedburner.com,14/2/1983,136.58,Australia
158,Haleigh Wardale,hwardale4d@networkadvertising.org,10/3/1990,137.0,South America
159,Sonja Tace,stace4e@usnews.com,6/1/1999,140.91,North America
160,Eugen Haryngton,eharyngton4f@bloglines.com,9/7/1997,137.19,South America
161,Coraline Mazillius,cmazillius4g@blogger.com,5/9/1990,147.0,Europe
162,Shoshana MacCumeskey,smaccumeskey4h@usgs.gov,3/9/1990,145.68,Asia
163,Harmonie Gilliland,hgilliland4i@artisteer.com,8/5/1982,136.89,Australia
164,Hebert Packwood,hpackwood4j@unesco.org,30/6/1996,133.89,Asia
165,Francine Chettle,fchettle4k@answers.com,11/6/1981,143.81,Asia
166,Joanie Ghirardi,jghirardi4l@wikipedia.org,15/2/1992,140.79,Europe
167,Kaela Willoway,kwilloway4m@google.com,25/9/1995,138.31,South America
168,Lyell Shinfield,lshinfield4n@google.cn,23/8/1991,141.19,South America
169,Teddi McMeanma,tmcmeanma4o@wix.com,10/10/1996,143.27,Australia
170,Farlie Fishe,ffishe4p@alexa.com,14/9/1994,140.03,Australia
171,Dionis Blakeslee,dblakeslee4q@goo.gl,31/5/1990,134.37,Europe
172,Isak Cuttings,icuttings4r@yahoo.co.jp,10/10/1997,141.71,Australia
173,Hamel Valek,hvalek4s@e-recht24.de,24/10/1990,130.78,South America
174,Ced Blurton,cblurton4t@nba.com,18/4/1994,143.41,Australia
175,Natale Cargill,ncargill4u@youtube.com,3/2/1990,133.12,Asia
176,Stanton Mote,smote4v@reference.com,1/12/1981,130.76,South America
177,Emmanuel Harmer,eharmer4w@princeton.edu,18/9/1981,147.83,South America
178,Mariya Ring,mring4x@auda.org.au,23/4/1995,130.8,South America
179,Bastien Fratson,bfratson4y@fda.gov,30/1/1996,148.31,Australia
180,Elisabeth Valerio,evalerio4z@sciencedaily.com,19/9/1993,132.08,Asia
181,Pansy Gething,pgething50@rambler.ru,17/3/1995,148.49,South America
182,Kinsley Howlin,khowlin51@last.fm,29/8/1985,145.29,South America
183,Ruperto McIlhatton,rmcilhatton52@disqus.com,30/5/1989,144.82,Australia
184,Kattie MacTeggart,kmacteggart53@omniture.com,20/6/1988,130.98,Australia
185,Noel Searles,nsearles54@adobe.com,15/3/1991,145.92,South America
186,Woodman Mouth,wmouth55@army.mil,6/4/1995,139.72,Asia
187,Toni Lamming,tlamming56@tinyurl.com,23/5/1998,148.68,Australia
188,Opaline Stansbie,ostansbie57@nytimes.com,14/10/1983,149.73,Asia
189,Hoyt Vaen,hvaen58@angelfire.com,3/11/1988,142.59,South America
190,Aubry Frentz,afrentz59@archive.org,7/12/1989,149.08,Australia
191,Hesther Sturman,hsturman5a@ebay.com,24/9/1989,131.36,South America
192,Mace Cordsen,mcordsen5b@theglobeandmail.com,18/9/1987,131.7,South America
193,Rusty Friend,rfriend5c@ask.com,28/11/1982,137.07,Asia
194,Pierre McCloch,pmccloch5d@youtu.be,14/5/1993,143.71,Australia
195,Ignaz Toone,itoone5e@harvard.edu,29/5/1984,142.48,Australia
196,Marja Klaggeman,mklaggeman5f@vimeo.com,15/2/1984,149.25,South America
197,Bard Yurocjkin,byurocjkin5g@tmall.com,28/1/1992,135.9,Asia
198,Simona Davy,sdavy5h@boston.com,12/10/1995,145.89,North America
199,Gage Cockshut,gcockshut5i@icio.us,21/7/1983,149.7,Australia
200,Brittne Lawlings,blawlings5j@vistaprint.com,30/10/1988,143.39,North America
201,Percival Ortell,portell5k@ibm.com,11/12/1983,147.27,Europe
202,Son Navan,snavan5l@omniture.com,2/5/1996,145.42,Asia
203,Margaux Orpyne,morpyne5m@cdbaby.com,3/1/1987,131.26,Australia
204,Carolus Casillis,ccasillis5n@weather.com,25/8/1993,145.54,Europe
205,Rollie Danher,rdanher5o@google.cn,15/1/1996,140.87,Europe
206,Tabb Spiniello,tspiniello5p@stanford.edu,18/2/1987,143.0,North America
207,Fair Hawken,fhawken5q@digg.com,22/4/1996,141.51,Australia
208,Gaven Thraves,gthraves5r@guardian.co.uk,27/12/1988,132.45,South America
209,Monika Creevy,mcreevy5s@twitpic.com,8/12/1991,141.66,Asia
210,Barron Lamasna,blamasna5t@examiner.com,24/11/1998,142.51,Europe
211,Stephani Elliff,selliff5u@163.com,15/3/1982,139.95,Australia
212,Donnie Kennelly,dkennelly5v@spotify.com,23/9/1987,145.03,Europe
213,Aviva Southwood,asouthwood5w@bigcartel.com,11/7/1993,147.87,Australia
214,Sterling Laurenzi,slaurenzi5x@cocolog-nifty.com,6/7/1982,144.51,Europe
215,Manuel Brandreth,mbrandreth5y@seattletimes.com,8/8/1995,144.98,Europe
216,Analise Fearnehough,afearnehough5z@miitbeian.gov.cn,13/4/1983,144.87,North America
217,Jacquette Simanek,jsimanek60@hud.gov,11/6/1988,131.9,South America
218,Anabal Lukacs,alukacs61@geocities.jp,21/4/1982,140.72,Europe
219,Lezlie Barkes,lbarkes62@symantec.com,6/5/1992,137.11,Australia
220,Cathe Mingaye,cmingaye63@uiuc.edu,25/10/1988,140.86,North America
221,Sara Keeley,skeeley64@free.fr,2/5/1989,149.54,Europe
222,Elliott Gyer,egyer65@nydailynews.com,10/1/1988,133.93,Australia
223,Rabbi Dicken,rdicken66@goodreads.com,16/11/1988,135.64,Europe
224,Gabey Moohan,gmoohan67@g.co,20/9/1998,134.61,Asia
225,Jedd Crowson,jcrowson68@guardian.co.uk,2/1/1981,136.89,Europe
226,Ediva Gladtbach,egladtbach69@geocities.com,30/5/1997,146.34,South America
227,Conrado Stronack,cstronack6a@soup.io,10/10/1986,130.19,Asia
228,Perkin Ghiron,pghiron6b@youtu.be,16/3/1998,145.31,Asia
229,Verena Whaplington,vwhaplington6c@archive.org,30/3/1982,148.33,Asia
230,Valerye Lievesley,vlievesley6d@nsw.gov.au,21/7/1981,138.29,Europe
231,Molly Mcsarry,mmcsarry6e@baidu.com,31/10/1991,136.09,North America
232,Maryanna Trevenu,mtrevenu6f@discovery.com,6/8/1999,138.62,Australia
233,Doll Arndtsen,darndtsen6g@paginegialle.it,10/5/1982,148.09,South America
234,Alexa Golds,agolds6h@multiply.com,16/10/1998,148.69,Australia
235,Jeffy Munnis,jmunnis6i@bbc.co.uk,9/9/1997,146.11,Asia
236,Jacquenetta Myers,jmyers6j@jugem.jp,11/10/1996,144.9,Asia
237,Natty Eayrs,neayrs6k@prweb.com,4/3/1981,144.18,Europe
238,Julianna Summerrell,jsummerrell6l@histats.com,6/9/1986,135.5,North America
239,Arliene Roscamp,aroscamp6m@google.fr,19/2/1989,146.37,Asia
240,Caryl Van Castele,cvan6n@rediff.com,11/11/1980,132.32,South America
241,Barbabra Pering,bpering6o@homestead.com,28/12/1989,138.36,North America
242,Talia Samet,tsamet6p@networksolutions.com,13/7/1985,145.95,Europe
243,Biron Bampford,bbampford6q@exblog.jp,14/4/1996,144.98,Europe
244,Marten Clemens,mclemens6r@lycos.com,14/12/1988,138.72,South America
245,Wald Stoute,wstoute6s@taobao.com,18/7/1997,145.35,Asia
246,Arleen Soot,asoot6t@nsw.gov.au,27/2/1986,138.68,North America
247,Alain Levings,alevings6u@ask.com,1/1/1987,131.98,Australia
248,Pace Prinett,pprinett6v@msu.edu,8/7/1988,149.74,Europe
249,Sherri Rickertsen,srickertsen6w@cargocollective.com,19/1/1982,139.6,South America
250,Ban Soffe,bsoffe6x@toplist.cz,14/4/1985,142.59,Australia
251,Simonette Orae,sorae6y@latimes.com,8/9/1989,133.07,North America
252,Dasya Edbrooke,dedbrooke6z@opensource.org,7/6/1986,134.17,Australia
253,Dorrie Cornell,dcornell70@epa.gov,5/12/1984,146.75,Asia
254,Dianne Iannini,diannini71@bing.com,15/12/1988,136.67,Australia
255,Adrienne Morilla,amorilla72@wired.com,20/9/1996,141.85,South America
256,Atlante Godilington,agodilington73@baidu.com,23/7/1981,147.58,Europe
257,Corinne Tregear,ctregear74@nyu.edu,23/7/1989,133.57,Australia
258,Wynny Duguid,wduguid75@army.mil,23/8/1989,144.63,Europe
259,Corinne Calfe,ccalfe76@oakley.com,27/2/1999,131.59,South America
260,Windham Isakovic,wisakovic77@washington.edu,11/10/1985,131.1,Australia
261,Danya McGarvey,dmcgarvey78@rambler.ru,31/7/1994,145.98,South America
262,Sallee Cuseck,scuseck79@illinois.edu,14/4/1986,138.49,North America
263,Humbert Heild,hheild7a@icio.us,24/3/1997,142.55,South America
264,Raphaela Burnhard,rburnhard7b@skyrock.com,13/12/1985,133.59,Europe
265,Amerigo Caile,acaile7c@howstuffworks.com,8/6/1988,146.64,Asia
266,Jasun Dundon,jdundon7d@bluehost.com,2/5/1989,149.91,South America
267,Karalee Hazelton,khazelton7e@ifeng.com,1/6/1989,131.43,South America
268,Oswell Swire,oswire7f@vkontakte.ru,16/7/1988,134.38,North America
269,Goldina Sayton,gsayton7g@hubpages.com,12/11/1986,143.64,Australia
270,Ottilie Boschmann,oboschmann7h@marriott.com,21/10/1981,130.01,Europe
271,Adrien Epgrave,aepgrave7i@blinklist.com,10/11/1983,143.18,Europe
272,Antone Jakubiak,ajakubiak7j@nymag.com,6/4/1996,141.56,Europe
273,Damon Kopec,dkopec7k@google.nl,9/7/1987,142.67,North America
274,Maddalena Guilfoyle,mguilfoyle7l@reuters.com,4/1/1998,148.51,Australia
275,Terrence Campey,tcampey7m@ucoz.ru,21/3/1994,147.67,Asia
276,Constantina Schule,cschule7n@xrea.com,2/7/1983,146.47,South America
277,Nikolas Finlry,nfinlry7o@businessinsider.com,20/3/1987,134.93,Asia
278,Tara MacKay,tmackay7p@mayoclinic.com,28/3/1991,148.89,South America
279,Ciro Rattenberie,crattenberie7q@storify.com,6/10/1991,149.79,Asia
280,Tawsha Wonham,twonham7r@boston.com,13/10/1998,148.93,Asia
281,Chucho Leitch,cleitch7s@github.com,2/9/1991,137.24,Australia
282,Adelice Cocksedge,acocksedge7t@php.net,2/2/1999,131.67,South America
283,Gilberte Geater,ggeater7u@cbc.ca,4/5/1993,149.79,Australia
284,Benyamin Mowsley,bmowsley7v@pagesperso-orange.fr,22/5/1997,145.38,Asia
285,Archaimbaud Twine,atwine7w@artisteer.com,24/11/1986,146.67,Asia
286,Ruthi Trebilcock,rtrebilcock7x@xinhuanet.com,23/8/1999,143.88,Europe
287,Englebert O'Leagham,eoleagham7y@yahoo.com,31/10/1986,135.82,North America
288,Alta Benitti,abenitti7z@uol.com.br,28/11/1990,147.56,North America
289,Hurlee Rowantree,hrowantree80@paypal.com,28/4/1993,138.24,North America
290,Carlotta Igonet,cigonet81@usa.gov,26/10/1994,133.28,Europe
291,Silvie Fleckno,sfleckno82@sina.com.cn,19/10/1991,130.66,North America
292,Perice Wollrauch,pwollrauch83@cdbaby.com,30/11/1997,147.43,North America
293,Maddy Gheeraert,mgheeraert84@quantcast.com,25/12/1996,147.5,Asia
294,Steward Hargrave,shargrave85@theglobeandmail.com,15/1/1993,130.39,South America
295,Nevin Evett,nevett86@patch.com,31/10/1984,133.25,North America
296,Karol Linbohm,klinbohm87@1und1.de,1/9/1992,138.21,South America
297,Shirley Walley,swalley88@upenn.edu,9/9/1981,144.96,Europe
298,Danya Geeraert,dgeeraert89@craigslist.org,28/11/1982,144.74,Australia
299,Barb Pandya,bpandya8a@businessweek.com,8/12/1981,136.61,North America
300,Aylmer Totterdell,atotterdell8b@biglobe.ne.jp,13/12/1997,139.64,Asia
